image,type
0e79cb06-beb7-47cd-abf2-e00927748e3c.1.jpg,0
0e79cb06-beb7-47cd-abf2-e00927748e3c.10.jpg,0
0e79cb06-beb7-47cd-abf2-e00927748e3c.11.jpg,0
0e79cb06-beb7-47cd-abf2-e00927748e3c.12.jpg,0
0e79cb06-beb7-47cd-abf2-e00927748e3c.13.jpg,0
0e79cb06-beb7-47cd-abf2-e00927748e3c.2.jpg,0
0e79cb06-beb7-47cd-abf2-e00927748e3c.3.jpg,0
0e79cb06-beb7-47cd-abf2-e00927748e3c.4.jpg,0
0e79cb06-beb7-47cd-abf2-e00927748e3c.5.jpg,0
0e79cb06-beb7-47cd-abf2-e00927748e3c.6.jpg,0
0e79cb06-beb7-47cd-abf2-e00927748e3c.7.jpg,0
0e79cb06-beb7-47cd-abf2-e00927748e3c.8.jpg,0
0e79cb06-beb7-47cd-abf2-e00927748e3c.9.jpg,0
28a6b5bb-08ac-4fa7-9ea6-f23fe3705e2f.1.jpg,0
28a6b5bb-08ac-4fa7-9ea6-f23fe3705e2f.2.jpg,0
28a6b5bb-08ac-4fa7-9ea6-f23fe3705e2f.3.jpg,0
28a6b5bb-08ac-4fa7-9ea6-f23fe3705e2f.4.jpg,0
28a6b5bb-08ac-4fa7-9ea6-f23fe3705e2f.5.jpg,0
28a6b5bb-08ac-4fa7-9ea6-f23fe3705e2f.6.jpg,0
28a6b5bb-08ac-4fa7-9ea6-f23fe3705e2f.7.jpg,0
28a6b5bb-08ac-4fa7-9ea6-f23fe3705e2f.8.jpg,0
28a6b5bb-08ac-4fa7-9ea6-f23fe3705e2f.9.jpg,0
32af75c2-4cf6-47db-8fa1-47c0455a0bc4.1.jpg,0
32af75c2-4cf6-47db-8fa1-47c0455a0bc4.2.jpg,0
32af75c2-4cf6-47db-8fa1-47c0455a0bc4.3.jpg,0
32af75c2-4cf6-47db-8fa1-47c0455a0bc4.4.jpg,0
32af75c2-4cf6-47db-8fa1-47c0455a0bc4.5.jpg,0
32af75c2-4cf6-47db-8fa1-47c0455a0bc4.6.jpg,0
32af75c2-4cf6-47db-8fa1-47c0455a0bc4.7.jpg,0
32af75c2-4cf6-47db-8fa1-47c0455a0bc4.8.jpg,0
4608554f-8743-4ecb-88a1-8c008a64e412.1.jpg,0
4608554f-8743-4ecb-88a1-8c008a64e412.2.jpg,0
4608554f-8743-4ecb-88a1-8c008a64e412.3.jpg,0
4608554f-8743-4ecb-88a1-8c008a64e412.5.jpg,0
4608554f-8743-4ecb-88a1-8c008a64e412.6.jpg,0
4608554f-8743-4ecb-88a1-8c008a64e412.7.jpg,0
4608554f-8743-4ecb-88a1-8c008a64e412.8.jpg,0
4608554f-8743-4ecb-88a1-8c008a64e412.9.jpg,0
4c8dbebc-ea99-47b1-818d-6036769bc811.1.jpg,0
4c8dbebc-ea99-47b1-818d-6036769bc811.2.jpg,0
4c8dbebc-ea99-47b1-818d-6036769bc811.3.jpg,0
4c8dbebc-ea99-47b1-818d-6036769bc811.4.jpg,0
4c8dbebc-ea99-47b1-818d-6036769bc811.5.jpg,0
4c8dbebc-ea99-47b1-818d-6036769bc811.7.jpg,0
4c8dbebc-ea99-47b1-818d-6036769bc811.8.jpg,0
4c8dbebc-ea99-47b1-818d-6036769bc811.9.jpg,0
87191f33-68da-428b-8f39-0ed92bb4f2a7.1.jpg,0
87191f33-68da-428b-8f39-0ed92bb4f2a7.2.jpg,0
87191f33-68da-428b-8f39-0ed92bb4f2a7.3.jpg,0
87191f33-68da-428b-8f39-0ed92bb4f2a7.4.jpg,0
87191f33-68da-428b-8f39-0ed92bb4f2a7.5.jpg,0
87191f33-68da-428b-8f39-0ed92bb4f2a7.7.jpg,0
87191f33-68da-428b-8f39-0ed92bb4f2a7.8.jpg,0
8d096f42-7ee6-4647-84b7-e59c9d5dab7c.1.jpg,0
8d096f42-7ee6-4647-84b7-e59c9d5dab7c.2.jpg,0
8d096f42-7ee6-4647-84b7-e59c9d5dab7c.3.jpg,0
8d096f42-7ee6-4647-84b7-e59c9d5dab7c.4.jpg,0
8d096f42-7ee6-4647-84b7-e59c9d5dab7c.5.jpg,0
8d096f42-7ee6-4647-84b7-e59c9d5dab7c.6.jpg,0
da55f4c7-db52-4850-966f-fab386a8a45e.1.jpg,0
da55f4c7-db52-4850-966f-fab386a8a45e.2.jpg,0
da55f4c7-db52-4850-966f-fab386a8a45e.3.jpg,0
da55f4c7-db52-4850-966f-fab386a8a45e.4.jpg,0
da55f4c7-db52-4850-966f-fab386a8a45e.5.jpg,0
da55f4c7-db52-4850-966f-fab386a8a45e.6.jpg,0
da55f4c7-db52-4850-966f-fab386a8a45e.7.jpg,0
e33ccd72-1745-4338-b0f1-916444b38980.3.jpg,0
e33ccd72-1745-4338-b0f1-916444b38980.4.jpg,0
f5a22350-8b3d-45ce-90c0-a005ef4f8195.1.jpg,0
f5a22350-8b3d-45ce-90c0-a005ef4f8195.2.jpg,0
f5a22350-8b3d-45ce-90c0-a005ef4f8195.3.jpg,0
f5a22350-8b3d-45ce-90c0-a005ef4f8195.4.jpg,0
f5a22350-8b3d-45ce-90c0-a005ef4f8195.5.jpg,0
f5a22350-8b3d-45ce-90c0-a005ef4f8195.6.jpg,0
f5a22350-8b3d-45ce-90c0-a005ef4f8195.8.jpg,0
f5a22350-8b3d-45ce-90c0-a005ef4f8195.9.jpg,0
0632a33c-a509-4351-90c1-bce17bef7f85.1.jpg,1
0632a33c-a509-4351-90c1-bce17bef7f85.10.jpg,1
0632a33c-a509-4351-90c1-bce17bef7f85.2.jpg,1
0632a33c-a509-4351-90c1-bce17bef7f85.3.jpg,1
0632a33c-a509-4351-90c1-bce17bef7f85.4.jpg,1
0632a33c-a509-4351-90c1-bce17bef7f85.5.jpg,1
0632a33c-a509-4351-90c1-bce17bef7f85.6.jpg,1
0632a33c-a509-4351-90c1-bce17bef7f85.7.jpg,1
0632a33c-a509-4351-90c1-bce17bef7f85.8.jpg,1
0632a33c-a509-4351-90c1-bce17bef7f85.9.jpg,1
0938d41d-37b0-4e4d-bf2c-0158480650a8.1.jpg,1
0938d41d-37b0-4e4d-bf2c-0158480650a8.2.jpg,1
0938d41d-37b0-4e4d-bf2c-0158480650a8.3.jpg,1
0938d41d-37b0-4e4d-bf2c-0158480650a8.4.jpg,1
0938d41d-37b0-4e4d-bf2c-0158480650a8.5.jpg,1
0938d41d-37b0-4e4d-bf2c-0158480650a8.6.jpg,1
0938d41d-37b0-4e4d-bf2c-0158480650a8.7.jpg,1
0938d41d-37b0-4e4d-bf2c-0158480650a8.8.jpg,1
0938d41d-37b0-4e4d-bf2c-0158480650a8.9.jpg,1
116af6c3-9a3f-45be-8b99-6457ab325b53.1.jpg,1
116af6c3-9a3f-45be-8b99-6457ab325b53.10.jpg,1
116af6c3-9a3f-45be-8b99-6457ab325b53.11.jpg,1
116af6c3-9a3f-45be-8b99-6457ab325b53.12.jpg,1
116af6c3-9a3f-45be-8b99-6457ab325b53.13.jpg,1
116af6c3-9a3f-45be-8b99-6457ab325b53.14.jpg,1
116af6c3-9a3f-45be-8b99-6457ab325b53.15.jpg,1
116af6c3-9a3f-45be-8b99-6457ab325b53.16.jpg,1
116af6c3-9a3f-45be-8b99-6457ab325b53.17.jpg,1
116af6c3-9a3f-45be-8b99-6457ab325b53.18.jpg,1
116af6c3-9a3f-45be-8b99-6457ab325b53.2.jpg,1
116af6c3-9a3f-45be-8b99-6457ab325b53.3.jpg,1
116af6c3-9a3f-45be-8b99-6457ab325b53.4.jpg,1
116af6c3-9a3f-45be-8b99-6457ab325b53.5.jpg,1
116af6c3-9a3f-45be-8b99-6457ab325b53.6.jpg,1
116af6c3-9a3f-45be-8b99-6457ab325b53.7.jpg,1
116af6c3-9a3f-45be-8b99-6457ab325b53.8.jpg,1
116af6c3-9a3f-45be-8b99-6457ab325b53.9.jpg,1
16a5ed60-7d49-42eb-a364-a27d140566b1.1.jpg,1
16a5ed60-7d49-42eb-a364-a27d140566b1.10.jpg,1
16a5ed60-7d49-42eb-a364-a27d140566b1.11.jpg,1
16a5ed60-7d49-42eb-a364-a27d140566b1.12.jpg,1
16a5ed60-7d49-42eb-a364-a27d140566b1.13.jpg,1
16a5ed60-7d49-42eb-a364-a27d140566b1.14.jpg,1
16a5ed60-7d49-42eb-a364-a27d140566b1.15.jpg,1
16a5ed60-7d49-42eb-a364-a27d140566b1.2.jpg,1
16a5ed60-7d49-42eb-a364-a27d140566b1.3.jpg,1
16a5ed60-7d49-42eb-a364-a27d140566b1.4.jpg,1
16a5ed60-7d49-42eb-a364-a27d140566b1.5.jpg,1
16a5ed60-7d49-42eb-a364-a27d140566b1.6.jpg,1
16a5ed60-7d49-42eb-a364-a27d140566b1.7.jpg,1
16a5ed60-7d49-42eb-a364-a27d140566b1.8.jpg,1
16a5ed60-7d49-42eb-a364-a27d140566b1.9.jpg,1
1c8f7542-4368-4877-9087-125a67723f2d.1.jpg,1
1c8f7542-4368-4877-9087-125a67723f2d.10.jpg,1
1c8f7542-4368-4877-9087-125a67723f2d.11.jpg,1
1c8f7542-4368-4877-9087-125a67723f2d.12.jpg,1
1c8f7542-4368-4877-9087-125a67723f2d.13.jpg,1
1c8f7542-4368-4877-9087-125a67723f2d.14.jpg,1
1c8f7542-4368-4877-9087-125a67723f2d.15.jpg,1
1c8f7542-4368-4877-9087-125a67723f2d.16.jpg,1
1c8f7542-4368-4877-9087-125a67723f2d.17.jpg,1
1c8f7542-4368-4877-9087-125a67723f2d.18.jpg,1
1c8f7542-4368-4877-9087-125a67723f2d.19.jpg,1
1c8f7542-4368-4877-9087-125a67723f2d.2.jpg,1
1c8f7542-4368-4877-9087-125a67723f2d.20.jpg,1
1c8f7542-4368-4877-9087-125a67723f2d.21.jpg,1
1c8f7542-4368-4877-9087-125a67723f2d.22.jpg,1
1c8f7542-4368-4877-9087-125a67723f2d.23.jpg,1
1c8f7542-4368-4877-9087-125a67723f2d.24.jpg,1
1c8f7542-4368-4877-9087-125a67723f2d.3.jpg,1
1c8f7542-4368-4877-9087-125a67723f2d.4.jpg,1
1c8f7542-4368-4877-9087-125a67723f2d.5.jpg,1
1c8f7542-4368-4877-9087-125a67723f2d.6.jpg,1
1c8f7542-4368-4877-9087-125a67723f2d.7.jpg,1
1c8f7542-4368-4877-9087-125a67723f2d.8.jpg,1
1c8f7542-4368-4877-9087-125a67723f2d.9.jpg,1
1d980cff-7c95-4e96-82f7-1c04256e2105.1.jpg,1
1d980cff-7c95-4e96-82f7-1c04256e2105.2.jpg,1
1d980cff-7c95-4e96-82f7-1c04256e2105.3.jpg,1
1d980cff-7c95-4e96-82f7-1c04256e2105.4.jpg,1
1d980cff-7c95-4e96-82f7-1c04256e2105.5.jpg,1
1d980cff-7c95-4e96-82f7-1c04256e2105.6.jpg,1
1d980cff-7c95-4e96-82f7-1c04256e2105.7.jpg,1
1d980cff-7c95-4e96-82f7-1c04256e2105.8.jpg,1
1d980cff-7c95-4e96-82f7-1c04256e2105.9.jpg,1
23f7d2f8-c6b1-471d-9686-0b09f16e8535.1.jpg,1
23f7d2f8-c6b1-471d-9686-0b09f16e8535.2.jpg,1
23f7d2f8-c6b1-471d-9686-0b09f16e8535.3.jpg,1
23f7d2f8-c6b1-471d-9686-0b09f16e8535.4.jpg,1
23f7d2f8-c6b1-471d-9686-0b09f16e8535.5.jpg,1
23f7d2f8-c6b1-471d-9686-0b09f16e8535.6.jpg,1
23f7d2f8-c6b1-471d-9686-0b09f16e8535.7.jpg,1
23f7d2f8-c6b1-471d-9686-0b09f16e8535.8.jpg,1
23f7d2f8-c6b1-471d-9686-0b09f16e8535.9.jpg,1
2b47ca79-d753-42ab-9d3f-a48058fcdead.1.jpg,1
2b47ca79-d753-42ab-9d3f-a48058fcdead.10.jpg,1
2b47ca79-d753-42ab-9d3f-a48058fcdead.11.jpg,1
2b47ca79-d753-42ab-9d3f-a48058fcdead.12.jpg,1
2b47ca79-d753-42ab-9d3f-a48058fcdead.13.jpg,1
2b47ca79-d753-42ab-9d3f-a48058fcdead.14.jpg,1
2b47ca79-d753-42ab-9d3f-a48058fcdead.15.jpg,1
2b47ca79-d753-42ab-9d3f-a48058fcdead.16.jpg,1
2b47ca79-d753-42ab-9d3f-a48058fcdead.17.jpg,1
2b47ca79-d753-42ab-9d3f-a48058fcdead.18.jpg,1
2b47ca79-d753-42ab-9d3f-a48058fcdead.2.jpg,1
2b47ca79-d753-42ab-9d3f-a48058fcdead.3.jpg,1
2b47ca79-d753-42ab-9d3f-a48058fcdead.4.jpg,1
2b47ca79-d753-42ab-9d3f-a48058fcdead.5.jpg,1
2b47ca79-d753-42ab-9d3f-a48058fcdead.6.jpg,1
2b47ca79-d753-42ab-9d3f-a48058fcdead.7.jpg,1
2b47ca79-d753-42ab-9d3f-a48058fcdead.8.jpg,1
2b47ca79-d753-42ab-9d3f-a48058fcdead.9.jpg,1
36715475-f186-49a2-a195-e1a3b10caa29.1.jpg,1
36715475-f186-49a2-a195-e1a3b10caa29.10.jpg,1
36715475-f186-49a2-a195-e1a3b10caa29.11.jpg,1
36715475-f186-49a2-a195-e1a3b10caa29.12.jpg,1
36715475-f186-49a2-a195-e1a3b10caa29.13.jpg,1
36715475-f186-49a2-a195-e1a3b10caa29.14.jpg,1
36715475-f186-49a2-a195-e1a3b10caa29.15.jpg,1
36715475-f186-49a2-a195-e1a3b10caa29.16.jpg,1
36715475-f186-49a2-a195-e1a3b10caa29.17.jpg,1
36715475-f186-49a2-a195-e1a3b10caa29.18.jpg,1
36715475-f186-49a2-a195-e1a3b10caa29.19.jpg,1
36715475-f186-49a2-a195-e1a3b10caa29.2.jpg,1
36715475-f186-49a2-a195-e1a3b10caa29.20.jpg,1
36715475-f186-49a2-a195-e1a3b10caa29.21.jpg,1
36715475-f186-49a2-a195-e1a3b10caa29.22.jpg,1
36715475-f186-49a2-a195-e1a3b10caa29.3.jpg,1
36715475-f186-49a2-a195-e1a3b10caa29.4.jpg,1
36715475-f186-49a2-a195-e1a3b10caa29.5.jpg,1
36715475-f186-49a2-a195-e1a3b10caa29.6.jpg,1
36715475-f186-49a2-a195-e1a3b10caa29.7.jpg,1
36715475-f186-49a2-a195-e1a3b10caa29.8.jpg,1
36715475-f186-49a2-a195-e1a3b10caa29.9.jpg,1
41ea8744-371e-4581-9ba5-a02bef6ff7b8.1.jpg,1
41ea8744-371e-4581-9ba5-a02bef6ff7b8.10.jpg,1
41ea8744-371e-4581-9ba5-a02bef6ff7b8.11.jpg,1
41ea8744-371e-4581-9ba5-a02bef6ff7b8.12.jpg,1
41ea8744-371e-4581-9ba5-a02bef6ff7b8.13.jpg,1
41ea8744-371e-4581-9ba5-a02bef6ff7b8.14.jpg,1
41ea8744-371e-4581-9ba5-a02bef6ff7b8.15.jpg,1
41ea8744-371e-4581-9ba5-a02bef6ff7b8.16.jpg,1
41ea8744-371e-4581-9ba5-a02bef6ff7b8.17.jpg,1
41ea8744-371e-4581-9ba5-a02bef6ff7b8.18.jpg,1
41ea8744-371e-4581-9ba5-a02bef6ff7b8.19.jpg,1
41ea8744-371e-4581-9ba5-a02bef6ff7b8.2.jpg,1
41ea8744-371e-4581-9ba5-a02bef6ff7b8.20.jpg,1
41ea8744-371e-4581-9ba5-a02bef6ff7b8.21.jpg,1
41ea8744-371e-4581-9ba5-a02bef6ff7b8.22.jpg,1
41ea8744-371e-4581-9ba5-a02bef6ff7b8.3.jpg,1
41ea8744-371e-4581-9ba5-a02bef6ff7b8.4.jpg,1
41ea8744-371e-4581-9ba5-a02bef6ff7b8.5.jpg,1
41ea8744-371e-4581-9ba5-a02bef6ff7b8.6.jpg,1
41ea8744-371e-4581-9ba5-a02bef6ff7b8.7.jpg,1
41ea8744-371e-4581-9ba5-a02bef6ff7b8.8.jpg,1
41ea8744-371e-4581-9ba5-a02bef6ff7b8.9.jpg,1
46478049-9e1a-472c-8c7d-11aa1570a086.1.jpg,1
46478049-9e1a-472c-8c7d-11aa1570a086.10.jpg,1
46478049-9e1a-472c-8c7d-11aa1570a086.11.jpg,1
46478049-9e1a-472c-8c7d-11aa1570a086.12.jpg,1
46478049-9e1a-472c-8c7d-11aa1570a086.13.jpg,1
46478049-9e1a-472c-8c7d-11aa1570a086.14.jpg,1
46478049-9e1a-472c-8c7d-11aa1570a086.15.jpg,1
46478049-9e1a-472c-8c7d-11aa1570a086.16.jpg,1
46478049-9e1a-472c-8c7d-11aa1570a086.17.jpg,1
46478049-9e1a-472c-8c7d-11aa1570a086.18.jpg,1
46478049-9e1a-472c-8c7d-11aa1570a086.19.jpg,1
46478049-9e1a-472c-8c7d-11aa1570a086.2.jpg,1
46478049-9e1a-472c-8c7d-11aa1570a086.3.jpg,1
46478049-9e1a-472c-8c7d-11aa1570a086.4.jpg,1
46478049-9e1a-472c-8c7d-11aa1570a086.5.jpg,1
46478049-9e1a-472c-8c7d-11aa1570a086.6.jpg,1
46478049-9e1a-472c-8c7d-11aa1570a086.7.jpg,1
46478049-9e1a-472c-8c7d-11aa1570a086.8.jpg,1
46478049-9e1a-472c-8c7d-11aa1570a086.9.jpg,1
48a6ed12-4a36-4696-ac21-c8285d686c6e.1.jpg,1
48a6ed12-4a36-4696-ac21-c8285d686c6e.10.jpg,1
48a6ed12-4a36-4696-ac21-c8285d686c6e.11.jpg,1
48a6ed12-4a36-4696-ac21-c8285d686c6e.12.jpg,1
48a6ed12-4a36-4696-ac21-c8285d686c6e.13.jpg,1
48a6ed12-4a36-4696-ac21-c8285d686c6e.14.jpg,1
48a6ed12-4a36-4696-ac21-c8285d686c6e.15.jpg,1
48a6ed12-4a36-4696-ac21-c8285d686c6e.16.jpg,1
48a6ed12-4a36-4696-ac21-c8285d686c6e.17.jpg,1
48a6ed12-4a36-4696-ac21-c8285d686c6e.18.jpg,1
48a6ed12-4a36-4696-ac21-c8285d686c6e.19.jpg,1
48a6ed12-4a36-4696-ac21-c8285d686c6e.2.jpg,1
48a6ed12-4a36-4696-ac21-c8285d686c6e.20.jpg,1
48a6ed12-4a36-4696-ac21-c8285d686c6e.21.jpg,1
48a6ed12-4a36-4696-ac21-c8285d686c6e.22.jpg,1
48a6ed12-4a36-4696-ac21-c8285d686c6e.23.jpg,1
48a6ed12-4a36-4696-ac21-c8285d686c6e.24.jpg,1
48a6ed12-4a36-4696-ac21-c8285d686c6e.3.jpg,1
48a6ed12-4a36-4696-ac21-c8285d686c6e.4.jpg,1
48a6ed12-4a36-4696-ac21-c8285d686c6e.5.jpg,1
48a6ed12-4a36-4696-ac21-c8285d686c6e.6.jpg,1
48a6ed12-4a36-4696-ac21-c8285d686c6e.7.jpg,1
48a6ed12-4a36-4696-ac21-c8285d686c6e.8.jpg,1
48a6ed12-4a36-4696-ac21-c8285d686c6e.9.jpg,1
4a32bd4c-147d-48b5-8d61-fc8865293247.1.jpg,1
4a32bd4c-147d-48b5-8d61-fc8865293247.10.jpg,1
4a32bd4c-147d-48b5-8d61-fc8865293247.11.jpg,1
4a32bd4c-147d-48b5-8d61-fc8865293247.12.jpg,1
4a32bd4c-147d-48b5-8d61-fc8865293247.13.jpg,1
4a32bd4c-147d-48b5-8d61-fc8865293247.14.jpg,1
4a32bd4c-147d-48b5-8d61-fc8865293247.15.jpg,1
4a32bd4c-147d-48b5-8d61-fc8865293247.16.jpg,1
4a32bd4c-147d-48b5-8d61-fc8865293247.17.jpg,1
4a32bd4c-147d-48b5-8d61-fc8865293247.18.jpg,1
4a32bd4c-147d-48b5-8d61-fc8865293247.19.jpg,1
4a32bd4c-147d-48b5-8d61-fc8865293247.2.jpg,1
4a32bd4c-147d-48b5-8d61-fc8865293247.20.jpg,1
4a32bd4c-147d-48b5-8d61-fc8865293247.21.jpg,1
4a32bd4c-147d-48b5-8d61-fc8865293247.22.jpg,1
4a32bd4c-147d-48b5-8d61-fc8865293247.3.jpg,1
4a32bd4c-147d-48b5-8d61-fc8865293247.4.jpg,1
4a32bd4c-147d-48b5-8d61-fc8865293247.5.jpg,1
4a32bd4c-147d-48b5-8d61-fc8865293247.6.jpg,1
4a32bd4c-147d-48b5-8d61-fc8865293247.7.jpg,1
4a32bd4c-147d-48b5-8d61-fc8865293247.8.jpg,1
4a32bd4c-147d-48b5-8d61-fc8865293247.9.jpg,1
4cb1184a-d3b9-4800-ba87-8df9438a50b7.1.jpg,1
4cb1184a-d3b9-4800-ba87-8df9438a50b7.10.jpg,1
4cb1184a-d3b9-4800-ba87-8df9438a50b7.11.jpg,1
4cb1184a-d3b9-4800-ba87-8df9438a50b7.12.jpg,1
4cb1184a-d3b9-4800-ba87-8df9438a50b7.13.jpg,1
4cb1184a-d3b9-4800-ba87-8df9438a50b7.14.jpg,1
4cb1184a-d3b9-4800-ba87-8df9438a50b7.2.jpg,1
4cb1184a-d3b9-4800-ba87-8df9438a50b7.3.jpg,1
4cb1184a-d3b9-4800-ba87-8df9438a50b7.4.jpg,1
4cb1184a-d3b9-4800-ba87-8df9438a50b7.5.jpg,1
4cb1184a-d3b9-4800-ba87-8df9438a50b7.6.jpg,1
4cb1184a-d3b9-4800-ba87-8df9438a50b7.7.jpg,1
4cb1184a-d3b9-4800-ba87-8df9438a50b7.8.jpg,1
4cb1184a-d3b9-4800-ba87-8df9438a50b7.9.jpg,1
4e5be2f9-b7a7-4a9a-a20b-c99dffbd89a7.1.jpg,1
4e5be2f9-b7a7-4a9a-a20b-c99dffbd89a7.10.jpg,1
4e5be2f9-b7a7-4a9a-a20b-c99dffbd89a7.2.jpg,1
4e5be2f9-b7a7-4a9a-a20b-c99dffbd89a7.3.jpg,1
4e5be2f9-b7a7-4a9a-a20b-c99dffbd89a7.4.jpg,1
4e5be2f9-b7a7-4a9a-a20b-c99dffbd89a7.5.jpg,1
4e5be2f9-b7a7-4a9a-a20b-c99dffbd89a7.6.jpg,1
4e5be2f9-b7a7-4a9a-a20b-c99dffbd89a7.7.jpg,1
4e5be2f9-b7a7-4a9a-a20b-c99dffbd89a7.8.jpg,1
4e5be2f9-b7a7-4a9a-a20b-c99dffbd89a7.9.jpg,1
526e8d5c-d5c6-4ffd-971d-b6de06c144ba.1.jpg,1
526e8d5c-d5c6-4ffd-971d-b6de06c144ba.10.jpg,1
526e8d5c-d5c6-4ffd-971d-b6de06c144ba.11.jpg,1
526e8d5c-d5c6-4ffd-971d-b6de06c144ba.12.jpg,1
526e8d5c-d5c6-4ffd-971d-b6de06c144ba.13.jpg,1
526e8d5c-d5c6-4ffd-971d-b6de06c144ba.14.jpg,1
526e8d5c-d5c6-4ffd-971d-b6de06c144ba.15.jpg,1
526e8d5c-d5c6-4ffd-971d-b6de06c144ba.16.jpg,1
526e8d5c-d5c6-4ffd-971d-b6de06c144ba.17.jpg,1
526e8d5c-d5c6-4ffd-971d-b6de06c144ba.18.jpg,1
526e8d5c-d5c6-4ffd-971d-b6de06c144ba.19.jpg,1
526e8d5c-d5c6-4ffd-971d-b6de06c144ba.2.jpg,1
526e8d5c-d5c6-4ffd-971d-b6de06c144ba.20.jpg,1
526e8d5c-d5c6-4ffd-971d-b6de06c144ba.21.jpg,1
526e8d5c-d5c6-4ffd-971d-b6de06c144ba.22.jpg,1
526e8d5c-d5c6-4ffd-971d-b6de06c144ba.3.jpg,1
526e8d5c-d5c6-4ffd-971d-b6de06c144ba.4.jpg,1
526e8d5c-d5c6-4ffd-971d-b6de06c144ba.5.jpg,1
526e8d5c-d5c6-4ffd-971d-b6de06c144ba.6.jpg,1
526e8d5c-d5c6-4ffd-971d-b6de06c144ba.7.jpg,1
526e8d5c-d5c6-4ffd-971d-b6de06c144ba.8.jpg,1
526e8d5c-d5c6-4ffd-971d-b6de06c144ba.9.jpg,1
57a3967c-c9c4-47c0-be9a-8acd59ee7212.1.jpg,1
57a3967c-c9c4-47c0-be9a-8acd59ee7212.10.jpg,1
57a3967c-c9c4-47c0-be9a-8acd59ee7212.2.jpg,1
57a3967c-c9c4-47c0-be9a-8acd59ee7212.3.jpg,1
57a3967c-c9c4-47c0-be9a-8acd59ee7212.4.jpg,1
57a3967c-c9c4-47c0-be9a-8acd59ee7212.5.jpg,1
57a3967c-c9c4-47c0-be9a-8acd59ee7212.6.jpg,1
57a3967c-c9c4-47c0-be9a-8acd59ee7212.7.jpg,1
57a3967c-c9c4-47c0-be9a-8acd59ee7212.8.jpg,1
57a3967c-c9c4-47c0-be9a-8acd59ee7212.9.jpg,1
58011507-ddd2-48e7-b09d-eadf07f336a4.1.jpg,1
58011507-ddd2-48e7-b09d-eadf07f336a4.10.jpg,1
58011507-ddd2-48e7-b09d-eadf07f336a4.11.jpg,1
58011507-ddd2-48e7-b09d-eadf07f336a4.2.jpg,1
58011507-ddd2-48e7-b09d-eadf07f336a4.3.jpg,1
58011507-ddd2-48e7-b09d-eadf07f336a4.4.jpg,1
58011507-ddd2-48e7-b09d-eadf07f336a4.5.jpg,1
58011507-ddd2-48e7-b09d-eadf07f336a4.6.jpg,1
58011507-ddd2-48e7-b09d-eadf07f336a4.7.jpg,1
58011507-ddd2-48e7-b09d-eadf07f336a4.8.jpg,1
58011507-ddd2-48e7-b09d-eadf07f336a4.9.jpg,1
59ff1532-6160-4ba0-bb1f-9fa891971002.1.jpg,1
59ff1532-6160-4ba0-bb1f-9fa891971002.10.jpg,1
59ff1532-6160-4ba0-bb1f-9fa891971002.11.jpg,1
59ff1532-6160-4ba0-bb1f-9fa891971002.12.jpg,1
59ff1532-6160-4ba0-bb1f-9fa891971002.13.jpg,1
59ff1532-6160-4ba0-bb1f-9fa891971002.14.jpg,1
59ff1532-6160-4ba0-bb1f-9fa891971002.15.jpg,1
59ff1532-6160-4ba0-bb1f-9fa891971002.2.jpg,1
59ff1532-6160-4ba0-bb1f-9fa891971002.3.jpg,1
59ff1532-6160-4ba0-bb1f-9fa891971002.4.jpg,1
59ff1532-6160-4ba0-bb1f-9fa891971002.5.jpg,1
59ff1532-6160-4ba0-bb1f-9fa891971002.6.jpg,1
59ff1532-6160-4ba0-bb1f-9fa891971002.7.jpg,1
59ff1532-6160-4ba0-bb1f-9fa891971002.8.jpg,1
59ff1532-6160-4ba0-bb1f-9fa891971002.9.jpg,1
67a926fa-506f-4d11-bda3-583843df4486.1.jpg,1
67a926fa-506f-4d11-bda3-583843df4486.10.jpg,1
67a926fa-506f-4d11-bda3-583843df4486.11.jpg,1
67a926fa-506f-4d11-bda3-583843df4486.12.jpg,1
67a926fa-506f-4d11-bda3-583843df4486.13.jpg,1
67a926fa-506f-4d11-bda3-583843df4486.14.jpg,1
67a926fa-506f-4d11-bda3-583843df4486.15.jpg,1
67a926fa-506f-4d11-bda3-583843df4486.16.jpg,1
67a926fa-506f-4d11-bda3-583843df4486.17.jpg,1
67a926fa-506f-4d11-bda3-583843df4486.18.jpg,1
67a926fa-506f-4d11-bda3-583843df4486.19.jpg,1
67a926fa-506f-4d11-bda3-583843df4486.2.jpg,1
67a926fa-506f-4d11-bda3-583843df4486.20.jpg,1
67a926fa-506f-4d11-bda3-583843df4486.21.jpg,1
67a926fa-506f-4d11-bda3-583843df4486.22.jpg,1
67a926fa-506f-4d11-bda3-583843df4486.23.jpg,1
67a926fa-506f-4d11-bda3-583843df4486.3.jpg,1
67a926fa-506f-4d11-bda3-583843df4486.4.jpg,1
67a926fa-506f-4d11-bda3-583843df4486.5.jpg,1
67a926fa-506f-4d11-bda3-583843df4486.6.jpg,1
67a926fa-506f-4d11-bda3-583843df4486.7.jpg,1
67a926fa-506f-4d11-bda3-583843df4486.8.jpg,1
67a926fa-506f-4d11-bda3-583843df4486.9.jpg,1
6c26c215-8e31-4f5c-b8d6-ada468e731ff.1.jpg,1
6c26c215-8e31-4f5c-b8d6-ada468e731ff.10.jpg,1
6c26c215-8e31-4f5c-b8d6-ada468e731ff.11.jpg,1
6c26c215-8e31-4f5c-b8d6-ada468e731ff.12.jpg,1
6c26c215-8e31-4f5c-b8d6-ada468e731ff.2.jpg,1
6c26c215-8e31-4f5c-b8d6-ada468e731ff.3.jpg,1
6c26c215-8e31-4f5c-b8d6-ada468e731ff.4.jpg,1
6c26c215-8e31-4f5c-b8d6-ada468e731ff.5.jpg,1
6c26c215-8e31-4f5c-b8d6-ada468e731ff.6.jpg,1
6c26c215-8e31-4f5c-b8d6-ada468e731ff.7.jpg,1
6c26c215-8e31-4f5c-b8d6-ada468e731ff.8.jpg,1
6c26c215-8e31-4f5c-b8d6-ada468e731ff.9.jpg,1
8045b6ce-4d3a-447d-82ce-069417f4f7ff.1.jpg,1
8045b6ce-4d3a-447d-82ce-069417f4f7ff.10.jpg,1
8045b6ce-4d3a-447d-82ce-069417f4f7ff.11.jpg,1
8045b6ce-4d3a-447d-82ce-069417f4f7ff.12.jpg,1
8045b6ce-4d3a-447d-82ce-069417f4f7ff.2.jpg,1
8045b6ce-4d3a-447d-82ce-069417f4f7ff.3.jpg,1
8045b6ce-4d3a-447d-82ce-069417f4f7ff.4.jpg,1
8045b6ce-4d3a-447d-82ce-069417f4f7ff.5.jpg,1
8045b6ce-4d3a-447d-82ce-069417f4f7ff.6.jpg,1
8045b6ce-4d3a-447d-82ce-069417f4f7ff.7.jpg,1
8045b6ce-4d3a-447d-82ce-069417f4f7ff.8.jpg,1
8045b6ce-4d3a-447d-82ce-069417f4f7ff.9.jpg,1
8571dace-7e9e-40ab-a02a-8f9c06619be8.1.jpg,1
8571dace-7e9e-40ab-a02a-8f9c06619be8.10.jpg,1
8571dace-7e9e-40ab-a02a-8f9c06619be8.11.jpg,1
8571dace-7e9e-40ab-a02a-8f9c06619be8.12.jpg,1
8571dace-7e9e-40ab-a02a-8f9c06619be8.2.jpg,1
8571dace-7e9e-40ab-a02a-8f9c06619be8.3.jpg,1
8571dace-7e9e-40ab-a02a-8f9c06619be8.4.jpg,1
8571dace-7e9e-40ab-a02a-8f9c06619be8.5.jpg,1
8571dace-7e9e-40ab-a02a-8f9c06619be8.6.jpg,1
8571dace-7e9e-40ab-a02a-8f9c06619be8.7.jpg,1
8571dace-7e9e-40ab-a02a-8f9c06619be8.8.jpg,1
8571dace-7e9e-40ab-a02a-8f9c06619be8.9.jpg,1
85eaa02b-4276-4203-8f00-5403a8cdec70.1.jpg,1
85eaa02b-4276-4203-8f00-5403a8cdec70.10.jpg,1
85eaa02b-4276-4203-8f00-5403a8cdec70.11.jpg,1
85eaa02b-4276-4203-8f00-5403a8cdec70.12.jpg,1
85eaa02b-4276-4203-8f00-5403a8cdec70.2.jpg,1
85eaa02b-4276-4203-8f00-5403a8cdec70.3.jpg,1
85eaa02b-4276-4203-8f00-5403a8cdec70.4.jpg,1
85eaa02b-4276-4203-8f00-5403a8cdec70.5.jpg,1
85eaa02b-4276-4203-8f00-5403a8cdec70.6.jpg,1
85eaa02b-4276-4203-8f00-5403a8cdec70.7.jpg,1
85eaa02b-4276-4203-8f00-5403a8cdec70.8.jpg,1
85eaa02b-4276-4203-8f00-5403a8cdec70.9.jpg,1
89cb4385-8258-4e8c-bad3-86673e04d882.1.jpg,1
89cb4385-8258-4e8c-bad3-86673e04d882.10.jpg,1
89cb4385-8258-4e8c-bad3-86673e04d882.11.jpg,1
89cb4385-8258-4e8c-bad3-86673e04d882.12.jpg,1
89cb4385-8258-4e8c-bad3-86673e04d882.13.jpg,1
89cb4385-8258-4e8c-bad3-86673e04d882.14.jpg,1
89cb4385-8258-4e8c-bad3-86673e04d882.15.jpg,1
89cb4385-8258-4e8c-bad3-86673e04d882.2.jpg,1
89cb4385-8258-4e8c-bad3-86673e04d882.3.jpg,1
89cb4385-8258-4e8c-bad3-86673e04d882.4.jpg,1
89cb4385-8258-4e8c-bad3-86673e04d882.5.jpg,1
89cb4385-8258-4e8c-bad3-86673e04d882.6.jpg,1
89cb4385-8258-4e8c-bad3-86673e04d882.7.jpg,1
89cb4385-8258-4e8c-bad3-86673e04d882.8.jpg,1
89cb4385-8258-4e8c-bad3-86673e04d882.9.jpg,1
92bb8932-e6ca-4ae7-bfc1-4f034c5b90f5.1.jpg,1
92bb8932-e6ca-4ae7-bfc1-4f034c5b90f5.2.jpg,1
92bb8932-e6ca-4ae7-bfc1-4f034c5b90f5.3.jpg,1
92bb8932-e6ca-4ae7-bfc1-4f034c5b90f5.4.jpg,1
92bb8932-e6ca-4ae7-bfc1-4f034c5b90f5.5.jpg,1
92bb8932-e6ca-4ae7-bfc1-4f034c5b90f5.6.jpg,1
92bb8932-e6ca-4ae7-bfc1-4f034c5b90f5.7.jpg,1
92bb8932-e6ca-4ae7-bfc1-4f034c5b90f5.8.jpg,1
92bb8932-e6ca-4ae7-bfc1-4f034c5b90f5.9.jpg,1
9e901946-eaa1-47f1-8f48-1c260b066ed2.1.jpg,1
9e901946-eaa1-47f1-8f48-1c260b066ed2.10.jpg,1
9e901946-eaa1-47f1-8f48-1c260b066ed2.11.jpg,1
9e901946-eaa1-47f1-8f48-1c260b066ed2.12.jpg,1
9e901946-eaa1-47f1-8f48-1c260b066ed2.13.jpg,1
9e901946-eaa1-47f1-8f48-1c260b066ed2.14.jpg,1
9e901946-eaa1-47f1-8f48-1c260b066ed2.15.jpg,1
9e901946-eaa1-47f1-8f48-1c260b066ed2.16.jpg,1
9e901946-eaa1-47f1-8f48-1c260b066ed2.17.jpg,1
9e901946-eaa1-47f1-8f48-1c260b066ed2.18.jpg,1
9e901946-eaa1-47f1-8f48-1c260b066ed2.2.jpg,1
9e901946-eaa1-47f1-8f48-1c260b066ed2.3.jpg,1
9e901946-eaa1-47f1-8f48-1c260b066ed2.4.jpg,1
9e901946-eaa1-47f1-8f48-1c260b066ed2.5.jpg,1
9e901946-eaa1-47f1-8f48-1c260b066ed2.6.jpg,1
9e901946-eaa1-47f1-8f48-1c260b066ed2.7.jpg,1
9e901946-eaa1-47f1-8f48-1c260b066ed2.8.jpg,1
9e901946-eaa1-47f1-8f48-1c260b066ed2.9.jpg,1
9fe5bfeb-1289-4b5c-b747-4b6f35be6780.1.jpg,1
9fe5bfeb-1289-4b5c-b747-4b6f35be6780.10.jpg,1
9fe5bfeb-1289-4b5c-b747-4b6f35be6780.11.jpg,1
9fe5bfeb-1289-4b5c-b747-4b6f35be6780.12.jpg,1
9fe5bfeb-1289-4b5c-b747-4b6f35be6780.2.jpg,1
9fe5bfeb-1289-4b5c-b747-4b6f35be6780.3.jpg,1
9fe5bfeb-1289-4b5c-b747-4b6f35be6780.4.jpg,1
9fe5bfeb-1289-4b5c-b747-4b6f35be6780.5.jpg,1
9fe5bfeb-1289-4b5c-b747-4b6f35be6780.6.jpg,1
9fe5bfeb-1289-4b5c-b747-4b6f35be6780.7.jpg,1
9fe5bfeb-1289-4b5c-b747-4b6f35be6780.8.jpg,1
9fe5bfeb-1289-4b5c-b747-4b6f35be6780.9.jpg,1
a7e0d6cf-82f9-46db-b083-0066cb91ddaf.1.jpg,1
a7e0d6cf-82f9-46db-b083-0066cb91ddaf.10.jpg,1
a7e0d6cf-82f9-46db-b083-0066cb91ddaf.11.jpg,1
a7e0d6cf-82f9-46db-b083-0066cb91ddaf.12.jpg,1
a7e0d6cf-82f9-46db-b083-0066cb91ddaf.2.jpg,1
a7e0d6cf-82f9-46db-b083-0066cb91ddaf.3.jpg,1
a7e0d6cf-82f9-46db-b083-0066cb91ddaf.4.jpg,1
a7e0d6cf-82f9-46db-b083-0066cb91ddaf.5.jpg,1
a7e0d6cf-82f9-46db-b083-0066cb91ddaf.6.jpg,1
a7e0d6cf-82f9-46db-b083-0066cb91ddaf.7.jpg,1
a7e0d6cf-82f9-46db-b083-0066cb91ddaf.8.jpg,1
a7e0d6cf-82f9-46db-b083-0066cb91ddaf.9.jpg,1
aa5334f9-124e-4290-a8a9-765c76e0c75b.1.jpg,1
aa5334f9-124e-4290-a8a9-765c76e0c75b.10.jpg,1
aa5334f9-124e-4290-a8a9-765c76e0c75b.11.jpg,1
aa5334f9-124e-4290-a8a9-765c76e0c75b.12.jpg,1
aa5334f9-124e-4290-a8a9-765c76e0c75b.13.jpg,1
aa5334f9-124e-4290-a8a9-765c76e0c75b.14.jpg,1
aa5334f9-124e-4290-a8a9-765c76e0c75b.15.jpg,1
aa5334f9-124e-4290-a8a9-765c76e0c75b.16.jpg,1
aa5334f9-124e-4290-a8a9-765c76e0c75b.17.jpg,1
aa5334f9-124e-4290-a8a9-765c76e0c75b.18.jpg,1
aa5334f9-124e-4290-a8a9-765c76e0c75b.19.jpg,1
aa5334f9-124e-4290-a8a9-765c76e0c75b.2.jpg,1
aa5334f9-124e-4290-a8a9-765c76e0c75b.20.jpg,1
aa5334f9-124e-4290-a8a9-765c76e0c75b.21.jpg,1
aa5334f9-124e-4290-a8a9-765c76e0c75b.3.jpg,1
aa5334f9-124e-4290-a8a9-765c76e0c75b.4.jpg,1
aa5334f9-124e-4290-a8a9-765c76e0c75b.5.jpg,1
aa5334f9-124e-4290-a8a9-765c76e0c75b.6.jpg,1
aa5334f9-124e-4290-a8a9-765c76e0c75b.7.jpg,1
aa5334f9-124e-4290-a8a9-765c76e0c75b.8.jpg,1
aa5334f9-124e-4290-a8a9-765c76e0c75b.9.jpg,1
b633aa55-60e2-4bb5-9998-1e9b9e70e22d.1.jpg,1
b633aa55-60e2-4bb5-9998-1e9b9e70e22d.10.jpg,1
b633aa55-60e2-4bb5-9998-1e9b9e70e22d.11.jpg,1
b633aa55-60e2-4bb5-9998-1e9b9e70e22d.12.jpg,1
b633aa55-60e2-4bb5-9998-1e9b9e70e22d.13.jpg,1
b633aa55-60e2-4bb5-9998-1e9b9e70e22d.14.jpg,1
b633aa55-60e2-4bb5-9998-1e9b9e70e22d.15.jpg,1
b633aa55-60e2-4bb5-9998-1e9b9e70e22d.16.jpg,1
b633aa55-60e2-4bb5-9998-1e9b9e70e22d.17.jpg,1
b633aa55-60e2-4bb5-9998-1e9b9e70e22d.18.jpg,1
b633aa55-60e2-4bb5-9998-1e9b9e70e22d.19.jpg,1
b633aa55-60e2-4bb5-9998-1e9b9e70e22d.2.jpg,1
b633aa55-60e2-4bb5-9998-1e9b9e70e22d.20.jpg,1
b633aa55-60e2-4bb5-9998-1e9b9e70e22d.21.jpg,1
b633aa55-60e2-4bb5-9998-1e9b9e70e22d.22.jpg,1
b633aa55-60e2-4bb5-9998-1e9b9e70e22d.23.jpg,1
b633aa55-60e2-4bb5-9998-1e9b9e70e22d.24.jpg,1
b633aa55-60e2-4bb5-9998-1e9b9e70e22d.3.jpg,1
b633aa55-60e2-4bb5-9998-1e9b9e70e22d.4.jpg,1
b633aa55-60e2-4bb5-9998-1e9b9e70e22d.5.jpg,1
b633aa55-60e2-4bb5-9998-1e9b9e70e22d.6.jpg,1
b633aa55-60e2-4bb5-9998-1e9b9e70e22d.7.jpg,1
b633aa55-60e2-4bb5-9998-1e9b9e70e22d.8.jpg,1
b633aa55-60e2-4bb5-9998-1e9b9e70e22d.9.jpg,1
c0963d52-91e8-41b0-9c1b-c1ff3cb372e5.10.jpg,1
c0963d52-91e8-41b0-9c1b-c1ff3cb372e5.11.jpg,1
c0963d52-91e8-41b0-9c1b-c1ff3cb372e5.12.jpg,1
c0963d52-91e8-41b0-9c1b-c1ff3cb372e5.13.jpg,1
c0963d52-91e8-41b0-9c1b-c1ff3cb372e5.14.jpg,1
c0963d52-91e8-41b0-9c1b-c1ff3cb372e5.15.jpg,1
c0963d52-91e8-41b0-9c1b-c1ff3cb372e5.16.jpg,1
c0963d52-91e8-41b0-9c1b-c1ff3cb372e5.17.jpg,1
c0963d52-91e8-41b0-9c1b-c1ff3cb372e5.18.jpg,1
c0963d52-91e8-41b0-9c1b-c1ff3cb372e5.2.jpg,1
c0963d52-91e8-41b0-9c1b-c1ff3cb372e5.3.jpg,1
c0963d52-91e8-41b0-9c1b-c1ff3cb372e5.4.jpg,1
c0963d52-91e8-41b0-9c1b-c1ff3cb372e5.5.jpg,1
c0963d52-91e8-41b0-9c1b-c1ff3cb372e5.6.jpg,1
c0963d52-91e8-41b0-9c1b-c1ff3cb372e5.7.jpg,1
c0963d52-91e8-41b0-9c1b-c1ff3cb372e5.8.jpg,1
c0963d52-91e8-41b0-9c1b-c1ff3cb372e5.9.jpg,1
c459155f-9bf0-4536-91ca-7f2c739d2ead.1.jpg,1
c459155f-9bf0-4536-91ca-7f2c739d2ead.10.jpg,1
c459155f-9bf0-4536-91ca-7f2c739d2ead.11.jpg,1
c459155f-9bf0-4536-91ca-7f2c739d2ead.12.jpg,1
c459155f-9bf0-4536-91ca-7f2c739d2ead.13.jpg,1
c459155f-9bf0-4536-91ca-7f2c739d2ead.14.jpg,1
c459155f-9bf0-4536-91ca-7f2c739d2ead.15.jpg,1
c459155f-9bf0-4536-91ca-7f2c739d2ead.16.jpg,1
c459155f-9bf0-4536-91ca-7f2c739d2ead.2.jpg,1
c459155f-9bf0-4536-91ca-7f2c739d2ead.3.jpg,1
c459155f-9bf0-4536-91ca-7f2c739d2ead.4.jpg,1
c459155f-9bf0-4536-91ca-7f2c739d2ead.5.jpg,1
c459155f-9bf0-4536-91ca-7f2c739d2ead.6.jpg,1
c459155f-9bf0-4536-91ca-7f2c739d2ead.7.jpg,1
c459155f-9bf0-4536-91ca-7f2c739d2ead.8.jpg,1
c459155f-9bf0-4536-91ca-7f2c739d2ead.9.jpg,1
c7301687-eb22-4214-a9e7-40ce79e18494.1.jpg,1
c7301687-eb22-4214-a9e7-40ce79e18494.10.jpg,1
c7301687-eb22-4214-a9e7-40ce79e18494.11.jpg,1
c7301687-eb22-4214-a9e7-40ce79e18494.2.jpg,1
c7301687-eb22-4214-a9e7-40ce79e18494.3.jpg,1
c7301687-eb22-4214-a9e7-40ce79e18494.4.jpg,1
c7301687-eb22-4214-a9e7-40ce79e18494.5.jpg,1
c7301687-eb22-4214-a9e7-40ce79e18494.6.jpg,1
c7301687-eb22-4214-a9e7-40ce79e18494.7.jpg,1
c7301687-eb22-4214-a9e7-40ce79e18494.8.jpg,1
c7301687-eb22-4214-a9e7-40ce79e18494.9.jpg,1
c95362df-8af5-40a6-8327-95caeb8466b0.1.jpg,1
c95362df-8af5-40a6-8327-95caeb8466b0.2.jpg,1
c95362df-8af5-40a6-8327-95caeb8466b0.3.jpg,1
c95362df-8af5-40a6-8327-95caeb8466b0.4.jpg,1
c95362df-8af5-40a6-8327-95caeb8466b0.5.jpg,1
c95362df-8af5-40a6-8327-95caeb8466b0.6.jpg,1
c95362df-8af5-40a6-8327-95caeb8466b0.7.jpg,1
c95362df-8af5-40a6-8327-95caeb8466b0.8.jpg,1
c95362df-8af5-40a6-8327-95caeb8466b0.9.jpg,1
cbcf66ba-3453-4755-8265-ea658c41ce77.1.jpg,1
cbcf66ba-3453-4755-8265-ea658c41ce77.10.jpg,1
cbcf66ba-3453-4755-8265-ea658c41ce77.11.jpg,1
cbcf66ba-3453-4755-8265-ea658c41ce77.12.jpg,1
cbcf66ba-3453-4755-8265-ea658c41ce77.13.jpg,1
cbcf66ba-3453-4755-8265-ea658c41ce77.14.jpg,1
cbcf66ba-3453-4755-8265-ea658c41ce77.2.jpg,1
cbcf66ba-3453-4755-8265-ea658c41ce77.3.jpg,1
cbcf66ba-3453-4755-8265-ea658c41ce77.4.jpg,1
cbcf66ba-3453-4755-8265-ea658c41ce77.5.jpg,1
cbcf66ba-3453-4755-8265-ea658c41ce77.6.jpg,1
cbcf66ba-3453-4755-8265-ea658c41ce77.7.jpg,1
cbcf66ba-3453-4755-8265-ea658c41ce77.8.jpg,1
cbcf66ba-3453-4755-8265-ea658c41ce77.9.jpg,1
cde972a0-5c38-442d-b95b-d49fd2e56961.1.jpg,1
cde972a0-5c38-442d-b95b-d49fd2e56961.10.jpg,1
cde972a0-5c38-442d-b95b-d49fd2e56961.2.jpg,1
cde972a0-5c38-442d-b95b-d49fd2e56961.3.jpg,1
cde972a0-5c38-442d-b95b-d49fd2e56961.4.jpg,1
cde972a0-5c38-442d-b95b-d49fd2e56961.5.jpg,1
cde972a0-5c38-442d-b95b-d49fd2e56961.6.jpg,1
cde972a0-5c38-442d-b95b-d49fd2e56961.7.jpg,1
cde972a0-5c38-442d-b95b-d49fd2e56961.8.jpg,1
cde972a0-5c38-442d-b95b-d49fd2e56961.9.jpg,1
d869514b-e2e5-45e1-a042-3e634a1a7029.1.jpg,1
d869514b-e2e5-45e1-a042-3e634a1a7029.2.jpg,1
d869514b-e2e5-45e1-a042-3e634a1a7029.3.jpg,1
d869514b-e2e5-45e1-a042-3e634a1a7029.4.jpg,1
d869514b-e2e5-45e1-a042-3e634a1a7029.5.jpg,1
d869514b-e2e5-45e1-a042-3e634a1a7029.6.jpg,1
d869514b-e2e5-45e1-a042-3e634a1a7029.7.jpg,1
d869514b-e2e5-45e1-a042-3e634a1a7029.8.jpg,1
e7333ab8-8aa3-4fe6-a953-d88ffb99aabd.1.jpg,1
e7333ab8-8aa3-4fe6-a953-d88ffb99aabd.10.jpg,1
e7333ab8-8aa3-4fe6-a953-d88ffb99aabd.11.jpg,1
e7333ab8-8aa3-4fe6-a953-d88ffb99aabd.12.jpg,1
e7333ab8-8aa3-4fe6-a953-d88ffb99aabd.13.jpg,1
e7333ab8-8aa3-4fe6-a953-d88ffb99aabd.14.jpg,1
e7333ab8-8aa3-4fe6-a953-d88ffb99aabd.15.jpg,1
e7333ab8-8aa3-4fe6-a953-d88ffb99aabd.16.jpg,1
e7333ab8-8aa3-4fe6-a953-d88ffb99aabd.17.jpg,1
e7333ab8-8aa3-4fe6-a953-d88ffb99aabd.18.jpg,1
e7333ab8-8aa3-4fe6-a953-d88ffb99aabd.19.jpg,1
e7333ab8-8aa3-4fe6-a953-d88ffb99aabd.2.jpg,1
e7333ab8-8aa3-4fe6-a953-d88ffb99aabd.20.jpg,1
e7333ab8-8aa3-4fe6-a953-d88ffb99aabd.21.jpg,1
e7333ab8-8aa3-4fe6-a953-d88ffb99aabd.22.jpg,1
e7333ab8-8aa3-4fe6-a953-d88ffb99aabd.23.jpg,1
e7333ab8-8aa3-4fe6-a953-d88ffb99aabd.24.jpg,1
e7333ab8-8aa3-4fe6-a953-d88ffb99aabd.3.jpg,1
e7333ab8-8aa3-4fe6-a953-d88ffb99aabd.4.jpg,1
e7333ab8-8aa3-4fe6-a953-d88ffb99aabd.5.jpg,1
e7333ab8-8aa3-4fe6-a953-d88ffb99aabd.6.jpg,1
e7333ab8-8aa3-4fe6-a953-d88ffb99aabd.7.jpg,1
e7333ab8-8aa3-4fe6-a953-d88ffb99aabd.8.jpg,1
e7333ab8-8aa3-4fe6-a953-d88ffb99aabd.9.jpg,1
f8926806-5519-44c7-a2b0-75feb19a7e9a.1.jpg,1
f8926806-5519-44c7-a2b0-75feb19a7e9a.10.jpg,1
f8926806-5519-44c7-a2b0-75feb19a7e9a.11.jpg,1
f8926806-5519-44c7-a2b0-75feb19a7e9a.12.jpg,1
f8926806-5519-44c7-a2b0-75feb19a7e9a.13.jpg,1
f8926806-5519-44c7-a2b0-75feb19a7e9a.14.jpg,1
f8926806-5519-44c7-a2b0-75feb19a7e9a.15.jpg,1
f8926806-5519-44c7-a2b0-75feb19a7e9a.16.jpg,1
f8926806-5519-44c7-a2b0-75feb19a7e9a.17.jpg,1
f8926806-5519-44c7-a2b0-75feb19a7e9a.18.jpg,1
f8926806-5519-44c7-a2b0-75feb19a7e9a.2.jpg,1
f8926806-5519-44c7-a2b0-75feb19a7e9a.3.jpg,1
f8926806-5519-44c7-a2b0-75feb19a7e9a.4.jpg,1
f8926806-5519-44c7-a2b0-75feb19a7e9a.5.jpg,1
f8926806-5519-44c7-a2b0-75feb19a7e9a.6.jpg,1
f8926806-5519-44c7-a2b0-75feb19a7e9a.7.jpg,1
f8926806-5519-44c7-a2b0-75feb19a7e9a.8.jpg,1
f8926806-5519-44c7-a2b0-75feb19a7e9a.9.jpg,1
